chapter,qnum,question,answer
0,1,序章　社是の意義　教育をする側の教室の現状が、被教育側つまり子供たちに恐ろしいほど投影される。まさに「（　　　　）」そのものである。,鏡の原則
0,2,序章　基本理念　『全ては生徒の為に』　（　　　　）の教育者たれ,抜苦与楽
0,3,序章　基本理念　『全ては生徒の為に』　生徒の人生の（　　　　）たれ,応援団
0,4,序章　基本理念　『全ては生徒の為に』　自己研鑽を惜しまぬ（　　　　）な実践者たれ,愚直
0,5,序章　『協育』こそ、教育の原点　私たちの唱える『協育』の協とは、三つの力、すなわち「（　　　　）」と「保護者」と「本人」の力を意味する。,教育者
0,6,序章　『協育』こそ、教育の原点　私たちの唱える『協育』の協とは、三つの力、すなわち「教育者」と「（　　　　）」と「本人」の力を意味する。,保護者
0,7,序章　『協育』こそ、教育の原点　私たちの唱える『協育』の協とは、三つの力、すなわち「教育者」と「保護者」と「（　　　　）」の力を意味する。,本人
0,8,序章　『協育』こそ、教育の原点　本人の向上心を一つの方向に結集したときに「（　　　　）を最大限に発揮」できるのである。,潜在能力
0,9,序章　「教育の麻薬」にかかった瞬間（とき）　生徒に好かれ、（　　　　）されたと感じたとき。,信頼
0,10,序章　「教育の麻薬」にかかった瞬間（とき）　生徒が、自分の（　　　　）によって変化したと感じられたとき。,指導
0,11,序章　「教育の麻薬」にかかった瞬間（とき）　生徒の夢や目標を決める（　　　　）ができたとき。,手助け
0,12,序章　「教育の麻薬」にかかった瞬間（とき）　生徒の個人的な悩みを（　　　　）できたとき。,解決
0,13,序章　「教育の麻薬」にかかった瞬間（とき）　生徒から（　　　　）とされる存在になったとき。,必要
0,14,序章　「教育の麻薬」にかかった瞬間（とき）　生徒の人生に決定的な（　　　　）を与えられたとき。,影響
0,15,序章　「教育の麻薬」にかかった瞬間（とき）　生徒の人生に関わることができ、（　　　　）されたとき。,感謝
0,16,序章　「教育の麻薬」にかかった瞬間（とき）　生徒が（　　　　）を達成（志望校合格等）し、感謝されたとき。,目標
0,17,序章　「教育の麻薬」にかかった瞬間（とき）　生徒が、（　　　　）してからも自分を慕って教室に足を運んでくれたとき。,卒業
0,18,序章　「教育の麻薬」にかかった瞬間（とき）　生徒が、スタッフとして（　　　　）くれたとき。,戻ってきて
0,19,序章　興学教育の現場を支える三つの力　興学社が教育機関として追求する三つの力とはすなわち、（　　　　）力・営業力・イベント力である。,教務
0,20,序章　興学教育の現場を支える三つの力　興学社が教育機関として追求する三つの力とはすなわち、教務力・（　　　　）力・イベント力である。,営業
0,21,序章　興学教育の現場を支える三つの力　興学社が教育機関として追求する三つの力とはすなわち、教務力・営業力・（　　　　）力である。,イベント
0,22,序章　教育の本質とは何か　教育とは（　　　　）である　納得すれば必ず生徒は行動する。,説得力
0,23,序章　教育の本質とは何か　教育とは（　　　　）続けることである　激励によって勇気を与え期待を掛けること。,励まし
0,24,序章　教育の本質とは何か　教育とは（　　　　）である　教育環境を整えることが教育者の役割である。,環境
0,25,序章　教育の本質とは何か　教育とは（　　　　）である　すぐに明快な成果を求めても、それは対症療法的な結果であって、本質的な教育の成果ではない。,忍耐
0,26,序章　教育の本質とは何か　教育とは（　　　　）ものである　教育ほど困難な仕事はない。しかし教育ほど尊い仕事もない。,尊い
0,27,序章　教育の本質とは何か　教育とは（　　　　）が全てである　教育は人によってのみ成されるものであり、どのような優れた技術、仕組みも、それを扱う人の介在なしには機能しない。,人
0,28,序章　教育の本質とは何か　教育とは（　　　　）である　当たり前のことを当たり前にできるようにする、それが教育の第一歩である。,凡事徹底
0,29,序章　教育の本質とは何か　教育とは（　　　　）理論の実践である　メリットをいかに伝えられるか。それを納得させ、行動させられるか。何事にもメリットとデメリットが存在する。,メリット
0,30,序章　教育の本質とは何か　教育とは（　　　　）である　いかに途中経過の努力があっても、良い結果を示すことができなければ、それは教育成果とはならない。,結果
0,31,序章　教育の本質とは何か　教育とは（　　　　）である。愛情に裏打ちされた厳しさこそ、教育者の基本姿勢である。,厳しさ
0,32,序章　組織運営十大基本方針　努力や成果が（　　　　）に報われる組織,公平
0,33,序章　組織運営十大基本方針　（　　　　）が馬鹿を見ない組織,正直者
0,34,序章　組織運営十大基本方針　常に「（　　　　）の斗い」をし続ける組織,プラス1
0,35,序章　組織運営十大基本方針　全員が「教育は（　　　　）」と言える組織,ライフワーク
0,36,序章　組織運営十大基本方針　スタッフ一人ひとりが（　　　　）になれる組織,主役
0,37,序章　組織運営十大基本方針　「（　　　　）が一番」と堂々と言える組織,真面目
0,38,序章　組織運営十大基本方針　常に（　　　　）の原点に『興学思想』を置く組織,行動規範
0,39,序章　組織運営十大基本方針　「（　　　　）はどこにも負けない」と断言できる組織,愛社精神
0,40,序章　組織運営十大基本方針　「（　　　　）を実践し続けることは必然」と言える組織,社会貢献
0,41,序章　組織運営十大基本方針　「（　　　　）の教育機関」を目指すことに最大の価値を置く組織,日本一
1,42,第一章　理念編　興学社十訓　「（　　　　）の知」を自覚せよ。,無知
1,43,第一章　理念編　興学社十訓　青年時代は人生の（　　　　）作りに励め。,基盤
1,44,第一章　理念編　興学社十訓　「学ばずは、（　　　　）」を認識せよ。,卑し
1,45,第一章　理念編　興学社十訓　人に会え、しかも「（　　　　）の人」に会え。,一流
1,46,第一章　理念編　興学社十訓　（　　　　）の気持ちを生涯持続せよ。,感謝
1,47,第一章　理念編　興学社十訓　限りある（　　　　）であることを自覚せよ。,人生
1,48,第一章　理念編　興学社十訓　不（　　　　）を憎み、それと戦え。,完全燃焼
1,49,第一章　理念編　興学社十訓　失敗を恐れるな。（　　　　）するまで戦え、そして学べ。,成功
1,50,第一章　理念編　興学社十訓　人生の幸福は、（　　　　）で決まることを忘れるな。,感動の数
1,51,第一章　理念編　興学社十訓　組織の一員として仕事の（　　　　）を一致させよ。,ベクトル
1,52,第一章　理念編　興学教育五訓　生徒の心の（　　　　）となり、理想の人生へ導く羅針盤たれ。,教科書
1,53,第一章　理念編　興学教育五訓　一人の生徒に全力を尽くすために、（　　　　）で動け。,電光石火
1,54,第一章　理念編　興学教育五訓　志はあくまでも高く、（　　　　）はどこまでも熱く語り続けよ。,夢
1,55,第一章　理念編　興学教育五訓　（　　　　）と不機嫌を排し、愛情表現の豊かな教育者たれ。,傲慢
1,56,第一章　理念編　興学教育五訓　（　　　　）のみが魂を揺さぶることを忘れず、一流の教育者を目指せ。,本物
1,57,第一章　理念編　教育者五訓　プロとしての（　　　　）を持ち続け、気高い品格、人間性の向上に邁進せよ。,プライド
1,58,第一章　理念編　教育者五訓　自分自身の存在価値を常に考え、社会に（　　　　）し、感謝される一流の講師たれ。,貢献
1,59,第一章　理念編　教育者五訓　知識を与えるだけではなく、あふれる愛情をもって（　　　　）と夢を育め。,生きる力
1,60,第一章　理念編　教育者五訓　全ての生徒の（　　　　）を信じ、共に挑戦することを生涯持続せよ。,可能性
1,61,第一章　理念編　教育者五訓　夢を語り、その実現に向けて妥協することなくより高い「（　　　　）」を追い求めよ。,あるべき姿
1,62,第一章　理念編　女性教育者五訓　女ゆえの優しさは大いに生かせ、女ゆえの（　　　　）は恥と思え。,甘え
1,63,第一章　理念編　女性教育者五訓　愛され（　　　　）やすい講師であれ、ただし一目置かれる存在であれ。,親しみ
1,64,第一章　理念編　女性教育者五訓　全てのものに愛情を注げ、時に心を（　　　　）にする勇気を持て。,鬼
1,65,第一章　理念編　女性教育者五訓　「かわいい」女であれ、しかも「（　　　　）」女であれ。,かしこい
1,66,第一章　理念編　女性教育者五訓　謙虚であれ、そして（　　　　）たれ。,毅然
1,67,第一章　理念編　PAGET十カ条　誰からも信頼される超一流の（　　　　）たれ。,裏方
1,68,第一章　理念編　PAGET十カ条　「（　　　　）が量を決定する」ことの検証者たれ。,質より量
1,69,第一章　理念編　PAGET十カ条　いつも陽気で明るく、教室の（　　　　）たれ。,太陽
1,70,第一章　理念編　PAGET十カ条　全てのスタッフを巻き込む（　　　　）たれ。,原動力
1,71,第一章　理念編　PAGET十カ条　好かれるよりも、（　　　　）されるスタッフたれ。,感謝
1,72,第一章　理念編　PAGET十カ条　常にベストの（　　　　）を目指すスタッフたれ。,教室環境
1,73,第一章　理念編　PAGET十カ条　教室の（　　　　）が自分の幸福と思えるスタッフたれ。,発展
1,74,第一章　理念編　PAGET十カ条　「社是・社訓」実践の（　　　　）たれ。,第一人者
1,75,第一章　理念編　PAGET十カ条　教室が掲げる目標達成のための（　　　　）たれ。,中核
1,76,第一章　理念編　PAGET十カ条　地域（　　　　）誇る教室より、地域が誇る教室たれ。,に
1,77,第一章　理念編　PAGET十カ条　地域に誇る教室より、地域（　　　　）誇る教室たれ。,が
1,78,第一章　理念編　国際化時代の教育者五訓　世界に雄飛する（　　　　）のために語学教育のエキスパートたれ。,人財育成
1,79,第一章　理念編　国際化時代の教育者五訓　グローバルな視野と（　　　　）を備え、母国の発展を担う人財たれ。,豊かな感性
1,80,第一章　理念編　国際化時代の教育者五訓　劣悪な教育環境で学ぶ世界の子供たちの真心の（　　　　）たれ。,支援者
1,81,第一章　理念編　国際化時代の教育者五訓　あくまでもより高い（　　　　）を追求する、英智と情熱の教育者たれ。,教育水準
1,82,第一章　理念編　国際化時代の教育者五訓　世界との（　　　　）を可能にする文化交流の使者たれ。,コミュニケーション
1,83,第一章　理念編　学園生十訓　まだ（　　　　）、今すぐ始めよ。,間に合う
1,84,第一章　理念編　学園生十訓　頑張るのは（　　　　）、限界に挑戦せよ。,当たり前
1,85,第一章　理念編　学園生十訓　平凡から非凡へ、（　　　　）の天才たれ。,努力
1,86,第一章　理念編　学園生十訓　（　　　　）は力なり。（　　　　）は己の財なり。,継続
1,87,第一章　理念編　学園生十訓　達成するまで決して（　　　　）。,あきらめるな
1,88,第一章　理念編　学園生十訓　どんなことでも（　　　　）が全て。,やる気
1,89,第一章　理念編　学園生十訓　学習の基本姿勢は「（　　　　）」。,質より量
1,90,第一章　理念編　学園生十訓　人のために（　　　　）姿勢を忘れるな。,尽くす
1,91,第一章　理念編　学園生十訓　敵は己の中にあり。自分の（　　　　）に克て。,弱い心
1,92,第一章　理念編　学園生十訓　努力は人を（　　　　）。,裏切らない
2,93,第二章　人財編　能力開発十一カ条　自分で（　　　　）的にやる姿勢を作ろう。人頼みの姿勢をやめよう。,主体
2,94,第二章　人財編　能力開発十一カ条　いつも進歩発展を目指す姿勢を作ろう。現状に（　　　　）姿勢をやめよう。,甘んずる
2,95,第二章　人財編　能力開発十一カ条　（　　　　）の利益も図る姿勢を作ろう。自分だけよしの姿勢をやめよう。,他人
2,96,第二章　人財編　能力開発十一カ条　（　　　　）点を明らかにし、中心・骨組で考える習慣を作ろう。（　　　　）点が不明確で枝葉末節にとらわれて考える習慣をやめよう。,中心
2,97,第二章　人財編　能力開発十一カ条　（　　　　）で考え、どちらが主流かも考える習慣を作ろう。片面で考え、非主流にとらわれて考える習慣をやめよう。,両面
2,98,第二章　人財編　能力開発十一カ条　立場・観点を整理し、（　　　　）から考える習慣を作ろう。立場を無視し、一方的角度からしか考えない習慣をやめよう。,多角度
2,99,第二章　人財編　能力開発十一カ条　（　　　　）的要素から出発して考える習慣を作ろう。不確定な要素に振り回される習慣をやめよう。,確定
2,100,第二章　人財編　能力開発十一カ条　手と口と足をフルに使った、行動のつながりで考える習慣を作ろう。概念のつながりだけで（　　　　）的に考える習慣をやめよう。,抽象
2,101,第二章　人財編　能力開発十一カ条　知識はすぐに使う習慣を作ろう。（　　　　）のままで孤立させておく習慣をやめよう。,ペーパー知識
2,102,第二章　人財編　能力開発十一カ条　できるだけ多くの物事に介入する習慣を作ろう。なるべく余計なことに（　　　　）を持つまいとする習慣をやめよう。,関心
2,103,第二章　人財編　能力開発十一カ条　できるだけ多くの人に会う習慣を作ろう。（　　　　）の人と付き合うだけで、交際範囲を広げまいとする習慣をやめよう。,少数
2,104,第二章　人財編　方法発見能力　方法発見能力の基本は、まず「（　　　　）」とか「無理だ」という言葉を自分の禁句とすることである。,できない
2,105,第二章　人財編　方法発見能力　「できない」と思うときは、従来のルール・慣習・方法を捨てて「（　　　　）方法」を探すことが必要である。,今までと違う
2,106,第二章　人財編　方法発見能力　今すぐにはできないならば、まず今すぐ（　　　　）を決めて、そこから手を付け、あとは粘りに粘って少しずつ積み上げていくことが最重要である。,できる範囲
2,107,第二章　人財編　方法発見能力　（　　　　）ではできないならば、では一体、誰の力、誰の知恵を借りたらいいかを真剣に考えることだ。,自分一人
2,108,第二章　人財編　方法発見能力　上手い方法のヒントは日常生活の中にある。一見無縁の現象の（　　　　）を見抜いて、そこから連鎖反応させる能力が必要である。,本質
2,109,第二章　人財編　方法発見能力　仕事のできる人とは、「（　　　　）を使う人」である。つまり、知恵を遠慮なく借りることができる人である。,人の知恵
2,110,第二章　人財編　方法発見能力　積極的に人の知恵を集めること、人の話を真剣に「（　　　　）」こと、もらった知恵の結果は必ず事後報告すること、この３項目が重要である。,聴く
2,111,第二章　人財編　方法発見能力　（　　　　）というものは苦し紛れに出るものではない。頭の底にこびり付き、いつも思い出す宿題を持っていなければ（　　　　）は生まれない。,知恵
2,112,第二章　人財編　方法発見能力　方法発見能力を高めようと思ったら、（　　　　）抜け。,困って困って困り
2,113,第二章　人財編　方法発見能力　自分が困るに足りる荷物（目標）を自分に負わせることが必要。目標（　　　　）力が弱いと、必然的に方法発見能力に欠陥が出るものである。,指向
2,114,第二章　人財編　人を説得する十二原則　相手を完全に打ち負かすような（　　　　）を避ける。,議論
2,115,第二章　人財編　人を説得する十二原則　相手の意見に敬意を払い、（　　　　）を指摘しない。,誤り
2,116,第二章　人財編　人を説得する十二原則　自分の（　　　　）を直ちに快く認める。,誤り
2,117,第二章　人財編　人を説得する十二原則　（　　　　）に話す。,穏やか
2,118,第二章　人財編　人を説得する十二原則　相手が即座に「（　　　　）」と答えられる問題を選ぶ。,イエス
2,119,第二章　人財編　人を説得する十二原則　相手に（　　　　）せる。,話さ
2,120,第二章　人財編　人を説得する十二原則　相手に（　　　　）付かせる。,思い
2,121,第二章　人財編　人を説得する十二原則　相手の（　　　　）で考える。,立場
2,122,第二章　人財編　人を説得する十二原則　相手の考えや希望に（　　　　）する。,共感
2,123,第二章　人財編　人を説得する十二原則　相手の美しい（　　　　）に呼び掛ける。,心情
2,124,第二章　人財編　人を説得する十二原則　（　　　　）を考える。,演出
2,125,第二章　人財編　人を説得する十二原則　（　　　　）を刺激する。,対抗意識
2,126,第二章　人財編　人に好かれる六原則　（　　　　）な関心を寄せる。,誠実
2,127,第二章　人財編　人に好かれる六原則　明るい（　　　　）を忘れない。,笑顔
2,128,第二章　人財編　人に好かれる六原則　正確に（　　　　）を覚える。,名前
2,129,第二章　人財編　人に好かれる六原則　（　　　　）に回る。,聞き手
2,130,第二章　人財編　人に好かれる六原則　（　　　　）の在りかを見抜く。,関心
2,131,第二章　人財編　人に好かれる六原則　（　　　　）から褒める。,心
2,132,第二章　人財編　成功への五カ条　明確な（　　　　）を持て…目標なくして成功なし。,目標
2,133,第二章　人財編　成功への五カ条　人より（　　　　）先んじよ…スピードが肝心、先手必勝。,一歩
2,134,第二章　人財編　成功への五カ条　積極的に（　　　　）に学べ…人の知恵は、宝の山と知れ。,人
2,135,第二章　人財編　成功への五カ条　最後まで（　　　　）…成功の条件とは成功するまで続けること。,あきらめるな
2,136,第二章　人財編　成功への五カ条　（　　　　）を真似よ…そこに成功の秘訣が詰まっている。,成功事例
2,137,第二章　人財編　伸びる教室の法則　［法則1］伸びる教室の教室長は、（　　　　）だけでなく、各論も話す。,総論
2,138,第二章　人財編　伸びる教室の法則　［法則2］伸びる教室は、（　　　　）な後継者が育っている。,優秀
2,139,第二章　人財編　伸びる教室の法則　［法則3］伸びる教室の空気は華やぎ、停滞する教室の空気は（　　　　）いる。,澱んで
2,140,第二章　人財編　伸びる教室の法則　［法則4］伸びる教室の教室長は、自ら（　　　　）している。,情報公開
2,141,第二章　人財編　伸びる教室の法則　［法則5］伸びる教室は、（　　　　）がスタッフに浸透している。,ビジョン
2,142,第二章　人財編　伸びる教室の法則　［法則6］伸びる教室は、スタッフが（　　　　）を感じて、誇りを持っている。,社会的意義
2,143,第二章　人財編　伸びる教室の法則　［法則7］伸びる教室は、（　　　　）が優れている。,管理体制
2,144,第二章　人財編　伸びる教室の法則　［法則8］伸びる教室は、（　　　　）を最大限に生かし、徹底的に高めている。,強み
2,145,第二章　人財編　伸びる教室の法則　［法則9］伸びる教室は、（　　　　）のことを納得できるまで追究する。,当たり前
2,146,第二章　人財編　伸びる教室の法則　［法則10］伸びる教室は、微かな（　　　　）にも気付いている。,兆し
2,147,第二章　人財編　伸びる教室の法則　［法則11］伸びる教室は、（　　　　）の低い教室が早晩衰退することを知っている。,モラル
2,148,第二章　人財編　自分の弱さに打ち勝つ十六カ条　変われないのではない、（　　　　）がないだけだ。,変わる気
2,149,第二章　人財編　自分の弱さに打ち勝つ十六カ条　できないのではない、（　　　　）だけだ。,やらない
2,150,第二章　人財編　自分の弱さに打ち勝つ十六カ条　環境が悪いのではない、あなたが（　　　　）なだけだ。,ダメ
2,151,第二章　人財編　自分の弱さに打ち勝つ十六カ条　上手くいかないのではない、上手くいく方法を（　　　　）していないだけだ。,実践
2,152,第二章　人財編　自分の弱さに打ち勝つ十六カ条　成果が出ないのではない、（　　　　）いないだけだ。,出して
2,153,第二章　人財編　自分の弱さに打ち勝つ十六カ条　行動力がないのではない、（　　　　）やらないだけだ。,すぐに
2,154,第二章　人財編　自分の弱さに打ち勝つ十六カ条　意欲がないのではない、（　　　　）やロマンがないだけだ。,夢
2,155,第二章　人財編　自分の弱さに打ち勝つ十六カ条　給与が（　　　　）のではない、（　　　　）仕事しかしていないだけだ。,安い
2,156,第二章　人財編　自分の弱さに打ち勝つ十六カ条　仕事がつまらないのではない、（　　　　）していないだけだ。,面白く
2,157,第二章　人財編　自分の弱さに打ち勝つ十六カ条　人が力を貸してくれないのではない、人を（　　　　）できていないだけだ。,活用
2,158,第二章　人財編　自分の弱さに打ち勝つ十六カ条　目標が達成できないのではない、（　　　　）がないだけだ。,戦略
2,159,第二章　人財編　自分の弱さに打ち勝つ十六カ条　部下がついて来ないのではない、あなたに（　　　　）がないだけだ。,魅力
2,160,第二章　人財編　自分の弱さに打ち勝つ十六カ条　戦略がないのではない、（　　　　）していないだけだ。,研究
2,161,第二章　人財編　自分の弱さに打ち勝つ十六カ条　仕事に追われているのではない、（　　　　）を決めていないだけだ。,期限
2,162,第二章　人財編　自分の弱さに打ち勝つ十六カ条　知恵がないのではない、生み出す（　　　　）をしていないだけだ。,工夫
2,163,第二章　人財編　自分の弱さに打ち勝つ十六カ条　自分は弱いのではない、強くする（　　　　）をしていないだけだ。,努力
2,164,第二章　人財編　箴言集（一）　仕事が楽しみならば、人生は楽園だ。仕事が義務ならば、人生は（　　　　）だ。,地獄
2,165,第二章　人財編　箴言集（一）　苦しまずに努力できる、それが（　　　　）。,才能
2,166,第二章　人財編　箴言集（一）　ピンチは最大のチャンスである。そのときこそ、本当の（　　　　）がわかる。,人間性
2,167,第二章　人財編　箴言集（一）　この世で一番公平なのは「（　　　　）」である。それをどう使うかで人生は決まる。,時間
2,168,第二章　人財編　箴言集（一）　腹が立ったら（　　　　）たってからものを言う。,1時間
2,169,第二章　人財編　箴言集（一）　不平・不満・愚痴をこぼすことは自らを（　　　　）、人間性を低下させる。,卑しめ
2,170,第二章　人財編　箴言集（一）　感謝と（　　　　）の気持ちが、その人の人格を作る。,喜び
2,171,第二章　人財編　箴言集（一）　「（　　　　）」と考える習慣を持つ人間でないと成長はない。,なぜだろう
2,172,第二章　人財編　箴言集（一）　人間は断じて許してはいけないことを簡単に（　　　　）、反対に大らかに許すべきことを目くじらを立てて許さない妙な習性がある。,許し
2,173,第二章　人財編　箴言集（一）　すぐに仕事に取り掛からず、その前にどこに問題があるのか、その問題の（　　　　）は何なのかを、見極めてから着手することが大切。,本質
2,174,第二章　人財編　箴言集（一）　奪い合えば共に倒れるが、（　　　　）合えば共に栄えていく。,分かち
2,175,第二章　人財編　箴言集（一）　仕事とは先手、先手に働き掛けていくもので、（　　　　）でやるべきものではない。,受け身
2,176,第二章　人財編　箴言集（一）　欠点は自分で意識しないと絶対に克服できるものではない。「直る」のではなく、「（　　　　）」のである。,直す
2,177,第二章　人財編　箴言集（一）　素質は一流でも（　　　　）が二流では伸びない。逆に、素質は二流でも（　　　　）が一流であれば一流になれる。,思想
2,178,第二章　人財編　箴言集（一）　喜びは（　　　　）だ。使命感と感謝は力強いバネだ。,勢い
2,179,第二章　人財編　箴言集（一）　人間はどれだけ知っているかではなく、何が（　　　　）で値打ちが決まる。,できるか
2,180,第二章　人財編　箴言集（一）　（　　　　）は、必ず仕事に表れるものだ。,人間性
2,181,第二章　人財編　箴言集（一）　人間にも「旬」があり、「（　　　　）」がある。常に自分を変えていけ。,賞味期限
2,182,第二章　人財編　箴言集（一）　成長は（　　　　）との比較ではない。昨日より今日！今日より明日！それは自分自身との勝負。,他人
2,183,第二章　人財編　箴言集（一）　「やらなければよかった」という後悔より、「（　　　　）よかった」という後悔の方が大きい。,やっておけば
2,184,第二章　人財編　箴言集（一）　（　　　　）で（　　　　）の邪魔をしている人になるな。それは「できない」のではなく「したくない」のである。,自分
2,185,第二章　人財編　箴言集（一）　「これでいい」ではなく、「（　　　　）」という選択を繰り返すことが人を人財へと導くものだ。,これがいい
2,186,第二章　人財編　箴言集（一）　「可もなく不可もなく」は結果的には不可！中途半端を排せ。同じ生きるなら善き（　　　　）を残せ。,歴史
2,187,第二章　人財編　箴言集（一）　問題が生じたら、まず（　　　　）点を探せ。,変化
2,188,第二章　人財編　箴言集（一）　目標を忘れたときに空転が始まる。今日の目標を明確にし、（　　　　）ある日々を！,価値
2,189,第二章　人財編　箴言集（一）　プロの仕事とは、シンプルであること、約束を守ること、（　　　　）をしないこと。この三つが全て。,手抜き
2,190,第二章　人財編　箴言集（一）　成功は次の成功の呼び水。（　　　　）は次の成功の足掛かり。,失敗
2,191,第二章　人財編　箴言集（一）　（　　　　）を遠ざける者は、成功をも遠ざける。（　　　　）を恐れるな。,失敗
2,192,第二章　人財編　箴言集（一）　素直な（　　　　）が失敗を成功の糧にする。反省することを厭わない人は必ず成長していくものだ。,自省心
2,193,第二章　人財編　箴言集（一）　失敗例はノウハウの（　　　　）である。成功を忘れ、失敗から学ぶ謙虚な姿勢が成長のエネルギーとなる。,宝庫
2,194,第二章　人財編　箴言集（二）　知恵のない者は、（　　　　）のない花のようなものだ。,香り
2,195,第二章　人財編　箴言集（二）　本当の贅沢な生き方とは何か。それは「良い（　　　　）」を持つという生き方だ。,人間関係
2,196,第二章　人財編　箴言集（二）　不平をこぼす人間には、同情よりも（　　　　）が待っている。,軽蔑
2,197,第二章　人財編　箴言集（二）　明日への最善の準備は、今日（　　　　）をやり遂げることだ。,良い仕事
2,198,第二章　人財編　箴言集（二）　（　　　　）仕事を完成できない者は、一生涯大きな仕事はできない。,小さな
2,199,第二章　人財編　箴言集（二）　人は才能だけではない。（　　　　）な者が日々努力し、やがて本物になっていく。,平凡
2,200,第二章　人財編　箴言集（二）　短気は人をトラブルに巻き込み、（　　　　）は人をトラブルから抜け出せなくする。,思い上がり
2,201,第二章　人財編　箴言集（二）　（　　　　）は、するは易しく、聞くは腹立たしい。,言い訳
2,202,第二章　人財編　箴言集（二）　陽の当たるところに行こうとするな、（　　　　）ところを陽の当たるところにせよ。,行った
2,203,第二章　人財編　箴言集（二）　人間の意識を劇的に変えていくものは（　　　　）。心に感じることによって人間は初めて動く。,感動
2,204,第二章　人財編　創造性への五カ条　（　　　　）にとらわれるな、澄みきった目で物事を見よ。,しがらみ
2,205,第二章　人財編　創造性への五カ条　（　　　　）にのめり込むな、（　　　　）から学ぶことは必要だが自分を失ってはいけない。,権威
2,206,第二章　人財編　創造性への五カ条　無用なものは捨てよ、自分の（　　　　）を常に広くしておくことだ。,メモリースペース
2,207,第二章　人財編　創造性への五カ条　（　　　　）ことを避けるな、自分を主張し続けよ。,戦う
2,208,第二章　人財編　創造性への五カ条　初々しい（　　　　）を失うな、その（　　　　）が偉業を成す。,感性
2,209,第二章　人財編　伸びる人財七要件　率先（　　　　）人より先に、そして言われる前に動く。,垂範
2,210,第二章　人財編　伸びる人財七要件　（　　　　）態度　素直、真面目は成長のもと。,精神
2,211,第二章　人財編　伸びる人財七要件　（　　　　）力　いい加減な処理、曖昧な対応は敗北のもと。,巧緻
2,212,第二章　人財編　伸びる人財七要件　（　　　　）志向　一流の人、一流のものに常に触れる。,本物
2,213,第二章　人財編　伸びる人財七要件　（　　　　）志向　志を常に高く、夢を追い続ける。,上昇
2,214,第二章　人財編　伸びる人財七要件　（　　　　）発想　常識にとらわれず、本質を見抜く。,逆転
2,215,第二章　人財編　伸びる人財七要件　（　　　　）力　飽きずに続けられることは能力であり、才能である。,継続
2,216,第二章　人財編　学生時代に時間講師を体験できる意義　生徒という最も難しい「顧客」に（　　　　）をする訓練ができる。,動機付け
2,217,第二章　人財編　学生時代に時間講師を体験できる意義　スタッフや生徒との（　　　　）能力を高める訓練ができる。,コミュニケーション
2,218,第二章　人財編　学生時代に時間講師を体験できる意義　社会人になったときに必要とされる（　　　　）を身に付ける訓練ができる。,営業力
2,219,第二章　人財編　学生時代に時間講師を体験できる意義　イベントを通じて（　　　　）能力を高める訓練ができる。,プレゼンテーション
2,220,第二章　人財編　学生時代に時間講師を体験できる意義　生徒や保護者といった「顧客」との（　　　　）関係を築く訓練ができる。,信頼
2,221,第二章　人財編　学生時代に時間講師を体験できる意義　各種研修会を通じて早期の（　　　　）訓練ができる。,社会人
2,222,第二章　人財編　学生時代に時間講師を体験できる意義　ビジネスとしての教育産業の当事者になることによって、ビジネス（　　　　）を磨くことができる。,センス
2,223,第二章　人財編　学生時代に時間講師を体験できる意義　日々の業務を通じてビジネス（　　　　）を身に付けることができる。,マナー
2,224,第二章　人財編　学生時代に時間講師を体験できる意義　会社組織の一員として仕事の進め方を学ぶことで、会社の（　　　　）を学ぶことができる。,在り方
2,225,第二章　人財編　学生時代に時間講師を体験できる意義　後輩指導を通じて（　　　　）能力を身に付けることができる。,人財育成
2,226,第二章　人財編　箴言集（三）　「何とかなる」は（　　　　）、「誰かがやる」は無責任。,油断
2,227,第二章　人財編　箴言集（三）　（　　　　）な知識はかえって邪魔になる。,中途半端
2,228,第二章　人財編　箴言集（三）　内容なき思考は（　　　　）、思考なき直感は頑迷。,空虚
2,229,第二章　人財編　箴言集（三）　青年は決して人生で安全な道を選んではいけない。（　　　　）の道を進め。,茨
2,230,第二章　人財編　箴言集（三）　（　　　　）の力は偉大なり、それが成功への第一歩。,決心
2,231,第二章　人財編　箴言集（三）　浅きを去って（　　　　）に就く青年であれ。,深き
2,232,第二章　人財編　箴言集（三）　進化は美なり、退化は（　　　　）なり。,醜
2,233,第二章　人財編　箴言集（三）　（　　　　）に身銭を惜しむな、自分に投資することほど確かなものはない。,自己投資
2,234,第二章　人財編　箴言集（三）　同じやるなら勇んで始めよう。はつらつと動けば斗いは（　　　　）になる。,愉快
2,235,第二章　人財編　箴言集（三）　「我以外皆我（　　　　）」,師
2,236,第二章　人財編　箴言集（三）　自分を磨け。自分とは世界を見るための「（　　　　）」なり。,窓
2,237,第二章　人財編　箴言集（三）　同じレベル、同じ領域で、（　　　　）がほほえんでくれるのは一度だけ。,女神
2,238,第二章　人財編　箴言集（三）　生命そのものと同じほど大切なもの、それはその生命を生かすための（　　　　）である。,思想
2,239,第二章　人財編　箴言集（三）　（　　　　）になると自分が変わり、世界が変わる。変わってこないのはまだ（　　　　）になっていないからだ。,本気
2,240,第二章　人財編　箴言集（三）　「人材」は単なる「人在」ではなく、「人財」とならねばならない。「人済」はおろか、決して「（　　　　）」になってはならない。,人罪
2,241,第二章　人財編　箴言集（三）　（　　　　）を育てるものは（　　　　）のみ。,一流
2,242,第二章　人財編　箴言集（三）　青年は空のボトルではなく（　　　　）だ。中に何かを入れてやろうなどとの親切心は不要。火を点けてやりさえすれば自ら燃え上がるものだ。,キャンドル
3,243,第三章　リーダー編　真のリーダーの心得十カ条　悪条件の中で建設を推進できる者が、真のリーダーである。（　　　　）条件を整備していくもとを作ることこそ、変革の中心。,不足
3,244,第三章　リーダー編　真のリーダーの心得十カ条　変革とは、それを具体的に、不動の決心・覚悟として確立しないと始まらない。変革はまず（　　　　）から始まる。,一人
3,245,第三章　リーダー編　真のリーダーの心得十カ条　同志と（　　　　）を一人ずつ増やしていくことが、変革の過程である。点から線へ、そして主流に。,協力者
3,246,第三章　リーダー編　真のリーダーの心得十カ条　変革という本質的変化には、時間が掛かるものである。自滅するな、そして（　　　　）。,やめるな
3,247,第三章　リーダー編　真のリーダーの心得十カ条　着実に、丹念に、一歩ずつ進め。すぐに（　　　　）から、すぐにやること。,できるところ
3,248,第三章　リーダー編　真のリーダーの心得十カ条　他人や周囲は、言うことを聞いてくれないものである。物事は（　　　　）にならない方が普通。,思い通り
3,249,第三章　リーダー編　真のリーダーの心得十カ条　与えてもらうのを待っているばかりでは、流されるだけである。（　　　　）がやるのか、自分は何をするのか。,誰
3,250,第三章　リーダー編　真のリーダーの心得十カ条　まず自分が変われ。さらに一歩変われ。もっともっと変われ。それが変革の（　　　　）。,原動力
3,251,第三章　リーダー編　真のリーダーの心得十カ条　地位の高い方が、苦労するのは宿命である。真のリーダーにとって、（　　　　）と苦労が生じなければ、それは異常。,困難
3,252,第三章　リーダー編　真のリーダーの心得十カ条　「責任は自分にある、（　　　　）はあなたにある」そう決めて進む人こそ真のリーダー。,功績
3,253,第三章　リーダー編　リーダーの十則　第一則　夢を与える  　夢なきところ、（　　　　）は生まれない。,誇り
3,254,第三章　リーダー編　リーダーの十則　第二則　考え方を示す  　（　　　　）の徹底こそが発展の基本。,方針
3,255,第三章　リーダー編　リーダーの十則　第三則　讃える  　人格を認めれば（　　　　）が集まる。,信望
3,256,第三章　リーダー編　リーダーの十則　第四則　（　　　　）を評価する  　（　　　　）を評価すれば、人は努力を惜しまない。,熱意
3,257,第三章　リーダー編　リーダーの十則　第五則　能力を引き出す  　人生の幸福とは自分の（　　　　）を生かしきること。,才能
3,258,第三章　リーダー編　リーダーの十則　第六則　（　　　　）を任せる  　（　　　　）をやり遂げ、人を育て、新しい（　　　　）を創造する。,仕事
3,259,第三章　リーダー編　リーダーの十則　第七則　自分より優秀な人財を育てる  　部下を（　　　　）にすれば上司も優秀。,優秀
3,260,第三章　リーダー編　リーダーの十則　第八則　（　　　　）する  　常に範となるような気概を持って実践する。,率先垂範
3,261,第三章　リーダー編　リーダーの十則　第九則　声を掛ける  　思い遣りの心が（　　　　）を作る。,品格
3,262,第三章　リーダー編　リーダーの十則　第十則　（　　　　）に感謝の念を持つ  　（　　　　）が組織を支えていることを認識する。,部下
3,263,第三章　リーダー編　リーダーの人間的能力　（　　　　）な強さ　（　　　　）な強さとは、逆境や厳しい試練の場に立たされても動じない力強さのこと。,精神的
3,264,第三章　リーダー編　リーダーの人間的能力　鋭い（　　　　）　部下や人の痛み、弱さ、つらさ、悲しさがわからなければ、人を心からの納得ずくでリードすることはおぼつかない。,感受性
3,265,第三章　リーダー編　リーダーの人間的能力　明るい（　　　　）　（　　　　）で明るい職場は、活気にあふれている。,笑顔
3,266,第三章　リーダー編　リーダーの人間的能力　自己（　　　　）の精神　全体のため、人のために自己（　　　　）も辞さないという気持ちと姿勢がある。,犠牲
3,267,第三章　リーダー編　リーダーの人間的能力　（　　　　）な考え方　考え方が（　　　　）で積極的であると、必然的に態度や言葉も（　　　　）で快活になってくる。,肯定的
3,268,第三章　リーダー編　リーダーの人間的能力　（　　　　）な姿勢　「実るほど頭を垂れる稲穂かな」。本物の人は（　　　　）で威張らない。それは、実力・実績・自信を身に付けているからである。,謙虚
3,269,第三章　リーダー編　リーダーの人間的能力　向上心と（　　　　）　優れた人には共通の特徴がある。それは、日々の自己啓発を決して怠らないということである。,向学心
3,270,第三章　リーダー編　信頼されるリーダーの特徴　（　　　　）を常に心掛けている。,率先垂範
3,271,第三章　リーダー編　信頼されるリーダーの特徴　向上心が強く、常に（　　　　）している。,自己研鑽
3,272,第三章　リーダー編　信頼されるリーダーの特徴　（　　　　）意欲が強烈であり、常に目標達成している。,目標達成
3,273,第三章　リーダー編　信頼されるリーダーの特徴　スタッフに対して公平であり、（　　　　）がない。,裏表
3,274,第三章　リーダー編　信頼されるリーダーの特徴　人財育成に熱心に取り組み、スタッフが（　　　　）している。,安定
3,275,第三章　リーダー編　信頼されるリーダーの特徴　自社に対して極めて（　　　　）が強い。,忠誠心
3,276,第三章　リーダー編　信頼されるリーダーの特徴　（　　　　）面談の質が高く、信頼が圧倒的である。,保護者
3,277,第三章　リーダー編　信頼されるリーダーの特徴　（　　　　）に積極的であり、確実に成果を出し続けている。,営業
3,278,第三章　リーダー編　信頼されるリーダーの特徴　スタッフの（　　　　）が的確であり、皆が活き活きと仕事に取り組んでいる。,役割分担
3,279,第三章　リーダー編　信頼されるリーダーの特徴　「（　　　　）職場」作りに熱心に取り組んでいる。,楽しい
3,280,第三章　リーダー編　信頼されるリーダーの特徴　スタッフへの（　　　　）を日頃から実践し続けている。,情報提供
3,281,第三章　リーダー編　信頼されるリーダーの特徴　教室の（　　　　）を常に励行している。,整理整頓
3,282,第三章　リーダー編　信頼されるリーダーの特徴　「スタッフの誰よりも（　　　　）」ことを実践している。,働く
3,283,第三章　リーダー編　信頼されないリーダーの特徴　業務（　　　　）がコロコロ変わる（朝令暮改）。,指示
3,284,第三章　リーダー編　信頼されないリーダーの特徴　保護者とのトラブルを（　　　　）できない／逃げる／スタッフに押し付ける。,解決
3,285,第三章　リーダー編　信頼されないリーダーの特徴　（　　　　）が苦手（生徒獲得率が低い）。,営業
3,286,第三章　リーダー編　信頼されないリーダーの特徴　（　　　　）になりすぎる。,感情的
3,287,第三章　リーダー編　信頼されないリーダーの特徴　スタッフへの接し方が（　　　　）である。,不公平
3,288,第三章　リーダー編　信頼されないリーダーの特徴　民間教育への（　　　　）的研究心が低い。,教務
3,289,第三章　リーダー編　信頼されないリーダーの特徴　自社への（　　　　）が薄い（批判的である）。,信頼
3,290,第三章　リーダー編　信頼されないリーダーの特徴　（　　　　）にはほど遠い（暗い）。,ムードメーカー
3,291,第三章　リーダー編　信頼されないリーダーの特徴　スタッフへの（　　　　）精神が乏しい。,サービス
3,292,第三章　リーダー編　信頼されないリーダーの特徴　（　　　　）が不十分である。,情報共有
3,293,第三章　リーダー編　信頼されないリーダーの特徴　（　　　　）教室のメンバーに自教室のメンバーの愚痴をこぼす。,他
3,294,第三章　リーダー編　信頼されないリーダーの特徴　他教室のメンバーに（　　　　）教室のメンバーの愚痴をこぼす。,自
3,295,第三章　リーダー編　信頼されないリーダーの特徴　保護者との（　　　　）が苦手で信頼関係が希薄。,コミュニケーション
3,296,第三章　リーダー編　信頼されないリーダーの特徴　パート・アルバイトスタッフの（　　　　）に無関心。,家庭の事情
3,297,第三章　リーダー編　箴言集（四）　人財育成とはまさに（　　　　）を育てること。,自信
3,298,第三章　リーダー編　箴言集（四）　人の（　　　　）は伝染する。,覚悟
3,299,第三章　リーダー編　箴言集（四）　勝ちに（　　　　）の勝ちあり、負けに（　　　　）の負けなし。,不思議
3,300,第三章　リーダー編　箴言集（四）　組織で最も人財に求められる要素は二つ。それは「問題意識」と「（　　　　）への意欲」である。,現状改革
3,301,第三章　リーダー編　箴言集（四）　（　　　　）は、生命力を与える刺激である。,困難
3,302,第三章　リーダー編　箴言集（四）　指導者となるためには、まず自分自身を（　　　　）しようとする、たくましい意欲と自信を持つことが必要だ。,開発
3,303,第三章　リーダー編　箴言集（四）　人間は自分の持っている（　　　　）の長さしか、井戸の深さを測ることはできない。,綱
3,304,第三章　リーダー編　箴言集（四）　人財は「（　　　　）」で評価すべきではない。「あの人はここがすごい、こんな力がある」と「加点法」で見ていこう。,減点法
3,305,第三章　リーダー編　箴言集（四）　指導はわかりやすく、噛んで含めるように！相手の心に入ってこそ指導。そうでなければ（　　　　）。,独り善がり
3,306,第三章　リーダー編　箴言集（四）　皆に（　　　　）を、それが指導者の第一条件。自分が楽をする、それは腐った官僚主義。,喜び
3,307,第三章　リーダー編　箴言集（四）　労を惜しむな、気取りを捨てよ、手抜きをするな、そして人に（　　　　）。,尽くせ
3,308,第三章　リーダー編　箴言集（四）　人に（　　　　）には、最良の方法を実行するだけで十分。それは人の話によく耳を傾けてやることだ。,好かれる
3,309,第三章　リーダー編　箴言集（四）　人を動かす人は、誰よりも（　　　　）が動いている。,自分
3,310,第三章　リーダー編　箴言集（四）　気力は（　　　　）に出る、生活は顔に出る、教養は声に出る。,眼
3,311,第三章　リーダー編　箴言集（四）　人の前を灯せば、我が前も明るくなる。スタッフに全力の（　　　　）を。,励まし
3,312,第三章　リーダー編　箴言集（四）　スタッフは（　　　　）である。どの特質も必要だ。全ての人を開花させる「人間の組織」であれ。,多様
3,313,第三章　リーダー編　箴言集（四）　（　　　　）人を育てることのできない幹部ほど値打ちのないものはない。,若い
3,314,第三章　リーダー編　箴言集（四）　（　　　　）を育てよう。まず信じる。任せる。応援する。その実践に偉大な人財育成がある。,後輩
3,315,第三章　リーダー編　箴言集（五）　腐敗はまず（　　　　）から始まる。,芯
3,316,第三章　リーダー編　箴言集（五）　（　　　　）者の末路はいつも痛ましい。,傲れる
3,317,第三章　リーダー編　箴言集（五）　組織は（　　　　）で始まり、（　　　　）で終わる。,人
3,318,第三章　リーダー編　箴言集（五）　リーダーは観念ではなく、（　　　　）で動け。,信念
3,319,第三章　リーダー編　箴言集（五）　変化に対応するのではなく、変化を（　　　　）せよ。,先取り
3,320,第三章　リーダー編　箴言集（五）　成功者にとって最大の危機は、その（　　　　）にある。,絶頂期
3,321,第三章　リーダー編　箴言集（五）　（　　　　）な人には誰もかなわない。勇気、知恵、勢いが最高だからだ。,真剣
3,322,第三章　リーダー編　箴言集（五）　一人で見る夢はただの夢。皆で見る夢は（　　　　）となる夢。,現実
3,323,第三章　リーダー編　箴言集（五）　やってみせ、言って聞かせて、させてみて、（　　　　）てやらねば人は動かじ。,褒め
3,324,第三章　リーダー編　箴言集（五）　人財を「（　　　　）て育てる人」こそ真の人財。,見つけ
3,325,第三章　リーダー編　箴言集（五）　リーダーは迅速に（　　　　）すること。その誠実さが信頼、拡大の力となる。,反応
3,326,第三章　リーダー編　箴言集（五）　（　　　　）を語ろう。真実の言葉こそが魂を揺さぶり、勇気と力を与える。,体験
3,327,第三章　リーダー編　箴言集（五）　（　　　　）なくして育成なし、愛情なくして教育なし。,信頼
3,328,第三章　リーダー編　箴言集（五）　仕事のスピードは（　　　　）に比例する。,責任感
3,329,第三章　リーダー編　箴言集（五）　部下の幸せの80％は（　　　　）が握っている。,上司
3,330,第三章　リーダー編　箴言集（五）　急ぎの仕事は（　　　　）人に頼め。能力と仕事の量は比例する。,忙しい
3,331,第三章　リーダー編　箴言集（五）　（　　　　）こそが競合に勝つ最強の手段。,チームワーク
3,332,第三章　リーダー編　箴言集（五）　指導する者は指導される者より（　　　　）目標を課せ。,厳しい
3,333,第三章　リーダー編　箴言集（五）　（　　　　）は損を招き、謙は益を受く。,満
4,334,第四章　教育者編　教業十戒　自ら学ぶ者のみ他に（　　　　）す。日々研鑽を怠るな。,感化
4,335,第四章　教育者編　教業十戒　子供だと甘く見るな。一個の（　　　　）として対等であれ。,人格
4,336,第四章　教育者編　教業十戒　自分の周りの輪の（　　　　）にいる子供に目を向けよ。,外
4,337,第四章　教育者編　教業十戒　教育は（　　　　）比べ。成果を急がず信じて待とう。,根
4,338,第四章　教育者編　教業十戒　子供は、教育者の（　　　　）には伸びないことを知れ。,力以上
4,339,第四章　教育者編　教業十戒　教育者の不機嫌、無愛想は子供の心を閉ざす。（　　　　）、ゆとりを片時も忘れるな。,ユーモア
4,340,第四章　教育者編　教業十戒　どんな子供も、親にはかけがえのない財であり、（　　　　）である。,生き甲斐
4,341,第四章　教育者編　教業十戒　教育者から見てつらいと思うことは、子供には（　　　　）。,もっとつらい
4,342,第四章　教育者編　教業十戒　教育者でも間違いはある。「（　　　　）」のひと言が心をつなぐ。その謙虚さが信頼関係を築く。,ごめん
4,343,第四章　教育者編　教業十戒　叱っても（　　　　）。叱り三分に褒め七分。,怒るな
4,344,第四章　教育者編　プロの教育者の必須条件　プロの教育者としての「誇り・（　　　　）・指導力・責任感」を人一倍持っているか。,自信
4,345,第四章　教育者編　プロの教育者の必須条件　教育者としての「（　　　　）・礼節・けじめ・思い遣りの心」を持って生徒、保護者に接しているか。,自覚
4,346,第四章　教育者編　プロの教育者の必須条件　熱の込もった、魅力のある授業で「（　　　　）（学習意欲）」を刺激しているか。,生徒のやる気
4,347,第四章　教育者編　プロの教育者の必須条件　わかりやすい授業、楽しい勉強のために、（　　　　）の研究を常にしているか。,教科指導
4,348,第四章　教育者編　プロの教育者の必須条件　一人ひとりの生徒の顔・（　　　　）・学力・性格・志望校等を正確に把握しているか。,氏名
4,349,第四章　教育者編　プロの教育者の必須条件　受験指導について徹底研究し、常に最新の（　　　　）を頭の中に入れているか、そして即座に応答できるか。,情報
4,350,第四章　教育者編　プロの教育者の必須条件　生徒指導にあたり「（　　　　）で親切丁寧な指導」を温かい心で実践しているか。,公平
4,351,第四章　教育者編　プロの教育者の必須条件　教育者自身が（　　　　）に留意し、常に明るく、爽快な気持ちで授業に全力投球しているか。,健康
4,352,第四章　教育者編　プロの教育者の必須条件　教育者のひと言は、その子の人生をプラスにもマイナスにも大きく変えてしまう。（　　　　）は良くも悪くも怖いものであることを自覚しているか。,言葉
4,353,第四章　教育者編　プロの教育者の必須条件　父母の信頼と期待に応えているか。学習指導を通して、頂いた月謝の（　　　　）から５倍のお返しをしているか。,3倍
4,354,第四章　教育者編　プロの教育者の必須条件　ライバル（同僚講師、他塾）を意識し、「（　　　　）と情熱」で生徒のやる気を引き出し、学力を伸ばすことに絶対的な自信を持っているか。,指導力
4,355,第四章　教育者編　プロの教育者の必須条件　生徒に感動や感銘を与えられず、信頼も尊敬もされない教育者は、プロの教育者としては　「完全に（　　　　）」であることを認識しているか。,失格者
4,356,第四章　教育者編　プロの教育者の必須条件　生徒の学習態度を見れば、その教育者の力量・指導力・熱の入れ方・（　　　　）度がよくわかる。さて自分はどうか。,人気
4,357,第四章　教育者編　プロの教育者の必須条件　生徒が退塾する理由の（　　　　）は、教育者の指導力と情熱の欠如によることを忘れるな。,80%
4,358,第四章　教育者編　プロの教育者の必須条件　講師の教育者としての人事考課は教室長がするのではなく、常に生徒、保護者、（　　　　）の人々が厳しくチェックしていることを忘れるな。,地域
4,359,第四章　教育者編　プロの教育者の必須条件　「何事も（　　　　）」、真剣に研鑽努力してやっと「プロ」に近付くものである。自己に厳しく研鑽努力しているか。,十年
4,360,第四章　教育者編　プロの教育者の必須条件　「ぶっつけ本番の授業」、「手抜きで楽な授業」、「（　　　　）な授業」をしていないか。プロの教育者は一時間一時間の授業が勝負である。生徒はそれをよく見抜いている。,マンネリ
4,361,第四章　教育者編　教育者自己変革十カ条　子供たちと夢を語れる（　　　　）人に。,夢追い
4,362,第四章　教育者編　教育者自己変革十カ条　子供たちと生涯付き合っていこうとする（　　　　）の人に。,覚悟
4,363,第四章　教育者編　教育者自己変革十カ条　子供たちに自信を持って語れる（　　　　）を持った人に。,価値観
4,364,第四章　教育者編　教育者自己変革十カ条　子供たちのためならどんな苦労をも（　　　　）ない人に。,厭わ
4,365,第四章　教育者編　教育者自己変革十カ条　子供たちの視点で（　　　　）を持てる人に。,好奇心
4,366,第四章　教育者編　教育者自己変革十カ条　子供たちに常に全力指導できる、心身共に（　　　　）な人に。,健康
4,367,第四章　教育者編　教育者自己変革十カ条　子供たちへ温かい（　　　　）を持てる人に。,客観性
4,368,第四章　教育者編　教育者自己変革十カ条　子供たちの立場でいつも（　　　　）できる人に。,行動
4,369,第四章　教育者編　教育者自己変革十カ条　子供たちに（　　　　）を求め、自らも（　　　　）を語れる人に。,真実
4,370,第四章　教育者編　教育者自己変革十カ条　子供たちの（　　　　）を自分の（　　　　）と思える人に。,幸福
4,371,第四章　教育者編　箴言集（六）　教えることは簡単だが、（　　　　）ことは難しい。,気付かせる
4,372,第四章　教育者編　箴言集（六）　「（　　　　）しさ」は「優しさ」なり。,易
4,373,第四章　教育者編　箴言集（六）　人間は教育によってのみ（　　　　）となる。,人間
4,374,第四章　教育者編　箴言集（六）　「明窓浄机」自分の周りの（　　　　）がまず第一！,環境
4,375,第四章　教育者編　箴言集（六）　いかなる教育も（　　　　）に優るものなし。,逆境
4,376,第四章　教育者編　箴言集（六）　教育は（　　　　）であってはならない。人生の出発点であり、終着点である。,手段
4,377,第四章　教育者編　箴言集（六）　（　　　　）のための教育ではなく、教育のための（　　　　）でなければならない。,社会
4,378,第四章　教育者編　箴言集（六）　学校で学んだことを一切忘れ去ったとき、残るものが教育の（　　　　）だ。,成果
4,379,第四章　教育者編　箴言集（六）　若いとき我々は学び、歳をとったとき我々は（　　　　）する。,理解
4,380,第四章　教育者編　箴言集（六）　「子供叱るな来た道じゃ、（　　　　）笑うな行く道じゃ」,年寄り
4,381,第四章　教育者編　箴言集（六）　教育者としてできることは、生徒を育てることではなく、生徒の成長を手助けし、自ら成長し、生徒の（　　　　）となること。,手本
4,382,第四章　教育者編　生徒に好かれる講師の共通項　成績を上げてくれる先生（（　　　　）を伸ばしてくれる先生 ）,実力
4,383,第四章　教育者編　生徒に好かれる講師の共通項　志望校に合格させてくれる先生（（　　　　）を達成させてくれる先生 ）,目標
4,384,第四章　教育者編　生徒に好かれる講師の共通項　教室に通うことを（　　　　）させてくれる先生,楽しく
4,385,第四章　教育者編　生徒に好かれる講師の共通項　授業が（　　　　）先生,面白い
4,386,第四章　教育者編　生徒に好かれる講師の共通項　自分のことを（　　　　）に考えてくれる先生,真剣
4,387,第四章　教育者編　生徒に好かれる講師の共通項　（　　　　）叱ってくれる先生,厳しく
4,388,第四章　教育者編　生徒に好かれる講師の共通項　（　　　　）を聞いてくれる先生,悩み
4,389,第四章　教育者編　生徒に好かれる講師の共通項　（　　　　）てくれる先生,励まし
4,390,第四章　教育者編　生徒に好かれる講師の共通項　何かあると（　　　　）てくれる先生,褒め
4,391,第四章　教育者編　生徒に好かれる講師の共通項　（　　　　）に誠実に応えてくれる先生,リクエスト
4,392,第四章　教育者編　生徒に嫌われる講師の共通項　いつも（　　　　）している。,イライラ
4,393,第四章　教育者編　生徒に嫌われる講師の共通項　（　　　　）な生徒だけを褒めたがる。,優秀
4,394,第四章　教育者編　生徒に嫌われる講師の共通項　他の生徒と（　　　　）して叱る。,比較
4,395,第四章　教育者編　生徒に嫌われる講師の共通項　何かというと「（　　　　）が子供の頃は…」と話したがる。,自分
4,396,第四章　教育者編　生徒に嫌われる講師の共通項　すぐ「（　　　　）に報告するぞ」と牽制する。,親
4,397,第四章　教育者編　生徒に嫌われる講師の共通項　生徒との（　　　　）を守らない。,約束
4,398,第四章　教育者編　生徒に嫌われる講師の共通項　叱るときに（　　　　）と叱れない。,ビシッ
4,399,第四章　教育者編　生徒に嫌われる講師の共通項　皮肉、（　　　　）をよく言う。,嫌味
4,400,第四章　教育者編　生徒に嫌われる講師の共通項　生徒からの質問を（　　　　）がる。,面倒
4,401,第四章　教育者編　生徒に嫌われる講師の共通項　生徒の話を（　　　　）まで聞こうとしない。,最後
4,402,第四章　教育者編　褒め方のポイントと心得　どんな子でも（　　　　）れば嬉しくなり、悪い気はしない。,褒められ
4,403,第四章　教育者編　褒め方のポイントと心得　どんな子でも（　　　　）れば自信が付く、やる気が出る。,認められ
4,404,第四章　教育者編　褒め方のポイントと心得　どんな子でも（　　　　）ればその気になって頑張るもの。,激励され
4,405,第四章　教育者編　褒め方のポイントと心得　誰でも素晴らしい（　　　　）や才能をたくさん持っている。,潜在能力
4,406,第四章　教育者編　褒め方のポイントと心得　褒めるときは（　　　　）から褒めてやり、一緒に喜んでやる。,真心
4,407,第四章　教育者編　褒め方のポイントと心得　褒めるときはなるべく（　　　　）で、大きな声と笑顔を忘れずに。,人前
4,408,第四章　教育者編　褒め方のポイントと心得　良い成績、良い（　　　　）に対しては思いきり褒める。,行い
4,409,第四章　教育者編　褒め方のポイントと心得　褒めるときは長時間ベタベタと褒めない。（　　　　）以内で簡潔に。,3分
4,410,第四章　教育者編　褒め方のポイントと心得　他人を通して、（　　　　）に褒めてやるのも効果は大きい。,間接的
4,411,第四章　教育者編　褒め方のポイントと心得　褒める（　　　　）、褒め言葉は日頃から研究準備しよう。,タイミング
4,412,第四章　教育者編　褒め方のポイントと心得　わざとらしく、（　　　　）に褒めると逆にしらけてしまう。,オーバー
4,413,第四章　教育者編　褒め方のポイントと心得　その子の（　　　　）、努力に対し、認めて励ますことも大切。,考え方
4,414,第四章　教育者編　褒め方のポイントと心得　優しい（　　　　）、親切な行い、前向きな行動を褒めよう。,気配り
4,415,第四章　教育者編　生徒対応七項目　「聞く」ではなく、「（　　　　）」で応ぜよ。,聴く
4,416,第四章　教育者編　生徒対応七項目　「叱る」は理性的に、「（　　　　）」は感情的に。,褒める
4,417,第四章　教育者編　生徒対応七項目　（　　　　）表現の豊かな講師の生徒は心が安定している。,愛情
4,418,第四章　教育者編　生徒対応七項目　人間の顔は口一つに耳二つ、話すことの（　　　　）聞け。,2倍
4,419,第四章　教育者編　生徒対応七項目　教育とは生徒に瑞々しい（　　　　）力を与えていくこと。,生命
4,420,第四章　教育者編　生徒対応七項目　子供にはability（才能）と（　　　　）（容量）を育むことが大切。,capacity
4,421,第四章　教育者編　生徒対応七項目　心の扉は外に取っ手がない。（　　　　）からしか開かない。,内側
4,422,第四章　教育者編　どんな子でも必ず伸びる　〜子供を伸ばす対応〜　（　　　　）あふれる指導があれば、子供は必ず伸びるもの。,愛情
4,423,第四章　教育者編　どんな子でも必ず伸びる　〜子供を伸ばす対応〜　こちらの（　　　　）次第で子供は変わる。,気持ち
4,424,第四章　教育者編　どんな子でも必ず伸びる　〜子供を伸ばす対応〜　教育とは与えるものではなく、（　　　　）もの。,引き出す
4,425,第四章　教育者編　どんな子でも必ず伸びる　〜子供を伸ばす対応〜　褒めるのは抽象的でもいいが、（　　　　）は具体的に。,注意
4,426,第四章　教育者編　どんな子でも必ず伸びる　〜子供を伸ばす対応〜　子供を（　　　　）で捉えない。,数値
4,427,第四章　教育者編　どんな子でも必ず伸びる　〜指導は具体的に〜　何を（　　　　）よいか、何をしたらよいか。,させたら
4,428,第四章　教育者編　どんな子でも必ず伸びる　〜指導は具体的に〜　「（　　　　）」を引き出すための指導をしているか。,やる気
4,429,第四章　教育者編　どんな子でも必ず伸びる　〜指導は具体的に〜　じっくり（　　　　）姿勢が身に付いているか。,考えさせる
4,430,第四章　教育者編　どんな子でも必ず伸びる　〜教育者として大切なこと〜　（　　　　）がある。,教務力
4,431,第四章　教育者編　どんな子でも必ず伸びる　〜教育者として大切なこと〜　社会人として（　　　　）や思い遣りがある。,常識
4,432,第四章　教育者編　どんな子でも必ず伸びる　〜教育者として大切なこと〜　明るく（　　　　）強い。,我慢
4,433,第四章　教育者編　どんな子でも必ず伸びる　〜教育者として大切なこと〜　子供と接することが（　　　　）。,大好き
4,434,第四章　教育者編　どんな子でも必ず伸びる　〜教育者として大切なこと〜　（　　　　）目で子供の成長を見ている。,長い
4,435,第四章　教育者編　教育抄　教育とは手を掛け、目を掛け、声を掛け、（　　　　）を掛けること。,心
4,436,第四章　教育者編　教育抄　教育者の（　　　　）が子供の（　　　　）を育てる。,複眼
4,437,第四章　教育者編　教育抄　（　　　　）に裏打ちされた厳しさ。,愛おしさ
4,438,第四章　教育者編　教育抄　教育とは究極は（　　　　）と（　　　　）との問題である。,人間
4,439,第四章　教育者編　教育抄　教科書を教えるのではない、教科書（　　　　）教えるのだ。,で
4,440,第四章　教育者編　教育抄　成績が下がったことが問題なのではなく、下がっていることを（　　　　）したことが問題。,放置
4,441,第四章　教育者編　教育抄　子供は（　　　　）に掛かりやすい。上手な（　　　　）で長所を伸ばすのが教育。,暗示
4,442,第四章　教育者編　教育抄　教育は素質より（　　　　）が勝る。,環境
4,443,第四章　教育者編　教育抄　教育は必要なことを今やることである。高邁な（　　　　）をぶつけることだけではない。,理想論
4,444,第四章　教育者編　教育抄　知識は生かじりではなく、教育者の「（　　　　）」であり「骨」でなくてはならない。,肉
4,445,第四章　教育者編　教育抄　生徒に信頼される学力と（　　　　）、親切さと情熱を持っている教育者がいれば、教育のほとんど全ての問題は解決される。,指導力
4,446,第四章　教育者編　教育抄　教育者に（　　　　）や惰性があれば生徒は育たない。魂と魂の触発！そこに真の教育は生まれる。,利己主義
4,447,第四章　教育者編　教育抄　生徒にとって最も好ましい教育者とは、いつも（　　　　）良く接してくれている教育者。,機嫌
4,448,第四章　教育者編　教育抄　全ての（　　　　）は自分自身のため、そう決めた教育者は強い。,労苦
4,449,第四章　教育者編　教育抄　誰人も一個の人格がある。その人なりの自尊心がある。故に、いささかも（　　　　）の心で接してはいけない。,差別
4,450,第四章　教育者編　教育抄　愛情の反対語は（　　　　）。,無関心
4,451,第四章　教育者編　教育抄　言葉は（　　　　）。傲慢は心を傷付け、励ましは最大の価値を生む。,言霊
4,452,第四章　教育者編　教育抄　鍛練は平凡の（　　　　）化。平凡の繰り返しが（　　　　）へ。,非凡
4,453,第四章　教育者編　教育抄　「しつけ」は「（　　　　）」。,し続け
4,454,第四章　教育者編　教育抄　（　　　　）ことを易しく、易しいことを重く、重いことを面白く。,難しい
4,455,第四章　教育者編　教育抄　人は教えられることより（　　　　）されることを欲す。,刺激
4,456,第四章　教育者編　教育抄　一人の子供を（　　　　）させることができたならば、教育者としての人生は無駄ではなかったと言える。,向上
4,457,第四章　教育者編　教育抄　悩める子供をどんな場合も決して追い詰めてはいけない。最大の（　　　　）になるのが教育者だ。,味方
4,458,第四章　教育者編　教育抄　押し付けと（　　　　）は違う。押し付けは百害あって一利なし。（　　　　）は相手を思う大誠実、だから人の心を動かす。,粘り
4,459,第四章　教育者編　教育抄　真剣であれ！（　　　　）であれ！その人こそが清き心、勇気の心を持続できる。,賢明
5,460,第五章　人生編　人生の達人五原則　受けた（　　　　）は石に刻め、懸けた情けは水に流せ。,恩
5,461,第五章　人生編　人生の達人五原則　神は耐えられない試練は与えない。故に、（　　　　）は不可能を意味しないのだ。,逆境
5,462,第五章　人生編　人生の達人五原則　他人と比較し一喜一憂するな。（　　　　）に勝つ人が人生の勝利者なのである。,自分
5,463,第五章　人生編　人生の達人五原則　幸せだから（　　　　）するのではない。（　　　　）しているから幸せなのだ。,感謝
5,464,第五章　人生編　人生の達人五原則　他人のために生きたとき、初めて（　　　　）のために生きたことになる。,自分
5,465,第五章　人生編　幸福の五原則　世の中には幸福も不幸もない。あるのはどう（　　　　）かだけだ。,受け止める
5,466,第五章　人生編　幸福の五原則　人生の幸福とは他人から（　　　　）とされることだ。,必要
5,467,第五章　人生編　幸福の五原則　幸福の便りは（　　　　）ときには、決してやって来ない。,待っている
5,468,第五章　人生編　幸福の五原則　（　　　　）の中に決して幸福は生まれない。,怠惰
5,469,第五章　人生編　幸福の五原則　（　　　　）を一つつく度に、幸せは一つ逃げていく。,溜息
5,470,第五章　人生編　箴言集（七）　夢を持てば持つほど、人は（　　　　）なる。,大きく
5,471,第五章　人生編　箴言集（七）　大きな苦痛と大きな喜びが、最もよく人を（　　　　）。,育てる
5,472,第五章　人生編　箴言集（七）　破壊は一瞬、建設は（　　　　）。,死闘
5,473,第五章　人生編　箴言集（七）　何事かを成就するために必要なもの、それは同志の協力と不屈の（　　　　）なり。,闘志
5,474,第五章　人生編　箴言集（七）　（　　　　）ずれば花開く、切に思うことは成るなり。,念
5,475,第五章　人生編　箴言集（七）　人間の最大の敵は（　　　　）である。,エゴ
5,476,第五章　人生編　箴言集（七）　為せば成る、為さねば（　　　　）何事も、成らぬは人の為さぬなりけり。,成らぬ
5,477,第五章　人生編　箴言集（七）　楽しみ喜びを基盤とした人生か、（　　　　）を基盤とした人生か、自分の意志でどちらにでもできる。,嘆き悲しみ
5,478,第五章　人生編　箴言集（七）　人生最高の宝、それは財産でも名誉でもない。人のためにどれだけ（　　　　）かだ。,尽くした
5,479,第五章　人生編　箴言集（七）　（　　　　）に耐えた者ほど、太陽を暖かく感ずるものだ。,寒さ
5,480,第五章　人生編　箴言集（七）　（　　　　）の人生とは「したいけれどできない」、「できるけれどしたくない」のどちらかだ。,不毛
5,481,第五章　人生編　箴言集（七）　（　　　　）は何も為さぬにはあまりに長く、何かを為すにはあまりに短し。,人生
5,482,第五章　人生編　箴言集（七）　（　　　　）で行え、行ったことを喜べ。それが人生の幸福！,喜ん
5,483,第五章　人生編　箴言集（七）　面白きこともなき世を面白く、（　　　　）ものは心なりけり。,すみなす
5,484,第五章　人生編　箴言集（七）　（　　　　）の良い人は与え上手の人。,人運
5,485,第五章　人生編　箴言集（七）　賢者とは己の人生の（　　　　）を知る者なり。,使命
5,486,第五章　人生編　箴言集（七）　（　　　　）は知恵の源泉、変革の原点なり。,逆境
5,487,第五章　人生編　箴言集（七）　人生は（　　　　）に乗るようなもの、ペダルを踏み続ける限り転ぶことはない。,自転車
5,488,第五章　人生編　箴言集（七）　一所懸命にやればやるほど「（　　　　）」は向こうからやって来る。,運
5,489,第五章　人生編　箴言集（七）　人生は、その出会った人の人生の（　　　　）である。,影
5,490,第五章　人生編　箴言集（七）　一生を終えて後に残るものは、我々が集めたものではなく、我々が（　　　　）ものである。,与えた
6,491,第六章　保護者編　子は親の鏡  二十則　（　　　　）て育つと、子供は人を貶すようになる。,貶され
6,492,第六章　保護者編　子は親の鏡  二十則　（　　　　）した家庭で育つと、子供は乱暴になる。,トゲトゲ
6,493,第六章　保護者編　子は親の鏡  二十則　（　　　　）な気持ちで育てると、子供は不安になる。,不安
6,494,第六章　保護者編　子は親の鏡  二十則　「かわいそうな子だ」と言って育てると、子供は（　　　　）な気持ちになる。,惨め
6,495,第六章　保護者編　子は親の鏡  二十則　子供を（　　　　）にすると、引っ込み思案な子になる。,馬鹿
6,496,第六章　保護者編　子は親の鏡  二十則　親が他人を（　　　　）でばかりいると、子供は人を羨むようになる。,羨ん
6,497,第六章　保護者編　子は親の鏡  二十則　叱り付けてばかりいると、子供は「自分は（　　　　）子なんだ」と思うようになる。,悪い
6,498,第六章　保護者編　子は親の鏡  二十則　励ましてあげれば、子供は（　　　　）を持つようになる。,自信
6,499,第六章　保護者編　子は親の鏡  二十則　広い心で接すれば、（　　　　）る子にはならない。,キレ
6,500,第六章　保護者編　子は親の鏡  二十則　（　　　　）てあげれば、子供は明るい子に育つ。,褒め
6,501,第六章　保護者編　子は親の鏡  二十則　（　　　　）てあげれば、子供は人を愛することを学ぶ。,愛し
6,502,第六章　保護者編　子は親の鏡  二十則　（　　　　）てあげれば、子供は自分が好きになる。,認め
6,503,第六章　保護者編　子は親の鏡  二十則　見つめてあげれば、子供は（　　　　）になる。,頑張り屋
6,504,第六章　保護者編　子は親の鏡  二十則　分かち合うことを教えれば、子供は（　　　　）を学ぶ。,思い遣り
6,505,第六章　保護者編　子は親の鏡  二十則　親が正直であれば、子供は（　　　　）をつかない子になる。,嘘
6,506,第六章　保護者編　子は親の鏡  二十則　子供に公平であれば、子供は（　　　　）のある子に育つ。,正義感
6,507,第六章　保護者編　子は親の鏡  二十則　優しく思い遣りを持って育てれば、子供は（　　　　）子に育つ。,優しい
6,508,第六章　保護者編　子は親の鏡  二十則　守ってあげれば、子供は（　　　　）子に育つ。,強い
6,509,第六章　保護者編　子は親の鏡  二十則　夫婦円満で育てれば、心が（　　　　）した子に育つ。,安定
6,510,第六章　保護者編　子は親の鏡  二十則　夢を語り続ければ、子供は（　　　　）の高い子に育つ。,志
6,511,第六章　保護者編　親業十カ条　（　　　　）を伸ばし、褒めながら育てよう。,長所
6,512,第六章　保護者編　親業十カ条　年齢や性別に関係なく、子供には（　　　　）であろう。,公平
6,513,第六章　保護者編　親業十カ条　まず、子供の（　　　　）に耳を傾けよう。,言い分
6,514,第六章　保護者編　親業十カ条　子供と（　　　　）したことは、必ず実行しよう。,約束
6,515,第六章　保護者編　親業十カ条　兄弟や友人と（　　　　）、それぞれの個性を尊重しよう。,比較せず
6,516,第六章　保護者編　親業十カ条　禁止や命令は上手に工夫し、子供に（　　　　）を与えよう。,満足
6,517,第六章　保護者編　親業十カ条　子供の評価を（　　　　）だけで決め付けるのはやめよう。,成績
6,518,第六章　保護者編　親業十カ条　朝の出発は、明るい声と（　　　　）で送り出そう。,笑顔
6,519,第六章　保護者編　親業十カ条　子供の前で（　　　　）はやめよう。,夫婦喧嘩
6,520,第六章　保護者編　親業十カ条　親も（　　　　）しよう。そのためにいつまでも勉強しよう。,成長
6,521,第六章　保護者編　人を変える九原則　まず（　　　　）。,褒める
6,522,第六章　保護者編　人を変える九原則　（　　　　）に注意を与える。,遠回し
6,523,第六章　保護者編　人を変える九原則　自分の（　　　　）を話す。,過ち
6,524,第六章　保護者編　人を変える九原則　（　　　　）をしない。,命令
6,525,第六章　保護者編　人を変える九原則　（　　　　）を潰さない。,顔
6,526,第六章　保護者編　人を変える九原則　（　　　　）なことでも褒める。,わずか
6,527,第六章　保護者編　人を変える九原則　（　　　　）を掛ける。,期待
6,528,第六章　保護者編　人を変える九原則　（　　　　）する。,激励
6,529,第六章　保護者編　人を変える九原則　喜んで（　　　　）させる。,協力
6,530,第六章　保護者編　上手な叱り方・育て方　人間は（　　　　）ではない。失敗したりミスしたり勘違いもある。,神
6,531,第六章　保護者編　上手な叱り方・育て方　人間誰でも長所と短所、得意と（　　　　）がある。,不得意
6,532,第六章　保護者編　上手な叱り方・育て方　その子の（　　　　）的・人格的なことを言って傷付けないこと。,身体
6,533,第六章　保護者編　上手な叱り方・育て方　（　　　　）とは、その子を良くしようと思って指導することだ。,叱る
6,534,第六章　保護者編　上手な叱り方・育て方　本人の心に（　　　　）・萎縮・自信喪失・失望などを与えてはならない。,劣等感
6,535,第六章　保護者編　上手な叱り方・育て方　人前で（　　　　）をかかせるような叱り方は逆効果。悪感情が残る。,恥
6,536,第六章　保護者編　上手な叱り方・育て方　本人の良いところを（　　　　）褒めてから、本題に対して叱る。,三つ
6,537,第六章　保護者編　上手な叱り方・育て方　感情的、ヒステリックになって頭ごなしに怒鳴らない。（　　　　）が大切。,平常心
6,538,第六章　保護者編　上手な叱り方・育て方　暴力・体罰を行っては絶対にいけない。（　　　　）は以心伝心する。,憎しみ
6,539,第六章　保護者編　上手な叱り方・育て方　失敗・ミスの結果だけを見て叱らない。むしろ（　　　　）がってやる。,残念
6,540,第六章　保護者編　上手な叱り方・育て方　兄弟・姉妹・友達と（　　　　）して叱らない。それは一番嫌がること。,比較
6,541,第六章　保護者編　上手な叱り方・育て方　今回のことと（　　　　）ことを引っ張り出さない。,関係のない
6,542,第六章　保護者編　上手な叱り方・育て方　（　　　　）以上ダラダラ、グチグチと叱らない。素直に聞けなくなる。,3分
6,543,第六章　保護者編　上手な叱り方・育て方　叱るところの（　　　　）はどこか、何かを事前に整理すること。,問題点
6,544,第六章　保護者編　上手な叱り方・育て方　失敗の原因、理由、反省等、（　　　　）のチャンスをまず与えよう。,弁解
6,545,第六章　保護者編　上手な叱り方・育て方　子供の（　　　　）、今の気持ちを理解して叱っているか。自問自答せよ。,立場
6,546,第六章　保護者編　上手な叱り方・育て方　（　　　　）で叱らない。どちらかが助け船を出してやる。,夫婦
6,547,第六章　保護者編　上手な叱り方・育て方　失敗は成功のもと。（　　　　）を認め自信を付けさせ、次に期待。,努力
6,548,第六章　保護者編　子供をダメにする親　（　　　　）できない親,子離れ
6,549,第六章　保護者編　子供をダメにする親　子供に全く（　　　　）な親,無関心
6,550,第六章　保護者編　子供をダメにする親　子供に必要以上に（　　　　）になる親,神経質
6,551,第六章　保護者編　子供をダメにする親　夫婦仲の（　　　　）親,悪い
6,552,第六章　保護者編　子供をダメにする親　子供に（　　　　）なまでの期待を掛ける親,過剰
6,553,第六章　保護者編　子供をダメにする親　子供を（　　　　）し、自主性を潰してしまう親,私物化
6,554,第六章　保護者編　子供をダメにする親　（　　　　）のない親（＝目標意識のない親）,向上心
6,555,第六章　保護者編　子供をダメにする親　「叱る」と「（　　　　）」の違いがわからない親,怒る
6,556,第六章　保護者編　子供をダメにする親　全てを（　　　　）に言ってしまう親,否定的
6,557,第六章　保護者編　子供をダメにする親　皮肉や（　　　　）を言う親,愚痴
6,558,第六章　保護者編　子供をダメにする親　学校（または塾）へ（　　　　）きりの親,任せっ
6,559,第六章　保護者編　子供をダメにする親　（　　　　）的な親,評論家
6,560,第六章　保護者編　子育て名人の親の共通項　（　　　　）イメージで子供を見ている。,プラス
6,561,第六章　保護者編　子育て名人の親の共通項　いつも（　　　　）良くしている。,機嫌
6,562,第六章　保護者編　子育て名人の親の共通項　結果だけでなく、（　　　　）の努力も評価する。,途中
6,563,第六章　保護者編　子育て名人の親の共通項　我が子をよく（　　　　）している。,観察
6,564,第六章　保護者編　子育て名人の親の共通項　叱るときは（　　　　）でビシッと叱れる。,短時間
6,565,第六章　保護者編　子育て名人の親の共通項　（　　　　）表現が豊かである。,愛情
6,566,第六章　保護者編　子育て名人の親の共通項　何でも子供と（　　　　）に楽しめる。,一緒
6,567,第六章　保護者編　子育て名人の親の共通項　間違ったときは（　　　　）に謝る。,素直
6,568,第六章　保護者編　親から子への動機付け十カ条　（　　　　）を明確にさせること,目標
6,569,第六章　保護者編　親から子への動機付け十カ条　（　　　　）られる場を与えること,褒め
6,570,第六章　保護者編　親から子への動機付け十カ条　（　　　　）感／成就感を得させること,達成
6,571,第六章　保護者編　親から子への動機付け十カ条　勉強の（　　　　）を教えること,目的
6,572,第六章　保護者編　親から子への動機付け十カ条　（　　　　）原理の中に置くこと,競争
6,573,第六章　保護者編　親から子への動機付け十カ条　（　　　　）感を与えること,メリット
6,574,第六章　保護者編　親から子への動機付け十カ条　将来の（　　　　）に直結させること,夢
6,575,第六章　保護者編　親から子への動機付け十カ条　良い（　　　　）を持たせること,ライバル
6,576,第六章　保護者編　親から子への動機付け十カ条　（　　　　）対象を持たせること,憧れる
6,577,第六章　保護者編　親から子への動機付け十カ条　「努力することが格好良い」という（　　　　）を教えること,価値観
6,578,第六章　保護者編　箴言集（八）　子育ては、（　　　　）（性）育て。,個
6,579,第六章　保護者編　箴言集（八）　親は子供の悩みや（　　　　）を軽くあしらうような態度を見せてはいけない。,希望
6,580,第六章　保護者編　箴言集（八）　「話す」は「（　　　　）」が語源。心のわだかまりを除いてあげよう。,放つ
6,581,第六章　保護者編　箴言集（八）　教育は『（　　　　）』である。親も講師も子供と一緒に成長していく。,協育
6,582,第六章　保護者編　箴言集（八）　「居ハ気ヲ移ス」。（　　　　）こそ人の心まで変えていく。,環境
6,583,第六章　保護者編　箴言集（八）　「しなやかに」されど「（　　　　）」。柔軟な対応できちんとした方向付けが必要。,したたかに
6,584,第六章　保護者編　箴言集（八）　育児は（　　　　）。自らの成長のみ子供を伸ばす。,育自
6,585,第六章　保護者編　箴言集（八）　楽しいから（　　　　）になる。（　　　　）だから上手になる。,好き
6,586,第六章　保護者編　箴言集（八）　（　　　　）という字は「木の上に立って見る」と書く。我が目を離すな、手を離せ。,親
6,587,第六章　保護者編　箴言集（八）　受験への対応は引っ張り型の親より（　　　　）型の親が成功する。,後押し
6,588,第六章　保護者編　箴言集（八）　子供を（　　　　）親は、子供に甘えている親。,甘やかす
6,589,第六章　保護者編　箴言集（八）　赤ちゃんは右手に元気、左手に（　　　　）を握りしめて生まれてくる。,勇気
6,590,第六章　保護者編　箴言集（八）　子供を叱ることは、（　　　　）を叱ること。,親自身
6,591,第六章　保護者編　箴言集（八）　やたらに叱る親はダメ、叱らない親はもっとダメ、叱れない親は（　　　　）なし。,資格
6,592,第六章　保護者編　箴言集（八）　子育てとは、抱きしめ、つき離し、そして共に（　　　　）こと。,歩む
6,593,第六章　保護者編　箴言集（八）　子供は手を掛ければ掛けた分育ち、手を抜けば抜いた分（　　　　）は止まる。,成長
6,594,第六章　保護者編　箴言集（八）　子供は（　　　　）のするようにするが、言うようにはしないもの。,親
6,595,第六章　保護者編　箴言集（八）　子供は「親を（　　　　）生まれてくる」のだ。,選んで
6,596,第六章　保護者編　箴言集（八）　親は子供の心の揺れを和らげる（　　　　）であれ。,クッション
6,597,第六章　保護者編　箴言集（八）　母親は家庭の良き（　　　　）たれ。,ムードメーカー
6,598,第六章　保護者編　箴言集（八）　親になることは簡単だが、（　　　　）ことは難しい。,親である
6,599,第六章　保護者編　箴言集（八）　菊作り　菊見るときは　（　　　　）の人,かげ
6,600,第六章　保護者編　箴言集（八）　人間は（　　　　）な人からの褒め言葉を欲するもの。,身近
6,601,第六章　保護者編　箴言集（八）　子供を（　　　　）にする確実な方法は、「いつでも、何でも、手に入れられるようにしてあげる」こと。,ダメ
7,602,第七章　生徒編　志望校合格五カ条　志望校はあくまでもより高いものを目指し、（　　　　）を発揮せよ。,学園精神
7,603,第七章　生徒編　志望校合格五カ条　「（　　　　）志望校に入りたい」と強く強く望み、徹底的に挑戦せよ。,何としても
7,604,第七章　生徒編　志望校合格五カ条　現在の（　　　　）と、志望校との間の差を、いつも正確に認識し続けよ。,力
7,605,第七章　生徒編　志望校合格五カ条　どうしても達成しなくてはならない（　　　　）を決め、計画的にそして確実に実践せよ。,目標
7,606,第七章　生徒編　志望校合格五カ条　「自分は必ず志望校に合格するんだ」と固く信じ、日々の勉学に（　　　　）せよ。,完全燃焼
7,607,第七章　生徒編　受験における五つの場の理論　受験を通して、「目標の達成」のために必要な（　　　　）や方法を身に付け、その結果、合格を勝ち取るという場。,考え方
7,608,第七章　生徒編　受験における五つの場の理論　受験とは、一人ひとりの人生を大きく変えるものであり、その意味を深く理解し、積極的に（　　　　）すべき場。,挑戦
7,609,第七章　生徒編　受験における五つの場の理論　受験とは、自分自身の内に眠る無限の可能性に気付き、自信あふれる（　　　　）型の人間へと成長するチャンスの場。,能力開発
7,610,第七章　生徒編　受験における五つの場の理論　受験とは、人生そのものであり、受験を通して人生に必要な（　　　　）なことを数多く身に付ける場。,基本的
7,611,第七章　生徒編　受験における五つの場の理論　受験とは、充実した楽しい受験勉強を目指し、それを実践することで、（　　　　）を身に付ける修業の場。,生きる力
7,612,第七章　生徒編　トップ校合格の意義　将来の夢への（　　　　）、チャンスが広がる,可能性
7,613,第七章　生徒編　トップ校合格の意義　良い（　　　　）関係が得られる可能性が広がる,友人
7,614,第七章　生徒編　トップ校合格の意義　ハイレベルな生徒を育てようという（　　　　）のある教師が多い,やる気
7,615,第七章　生徒編　トップ校合格の意義　（　　　　）の求める人財レベルに成長できる,社会
7,616,第七章　生徒編　トップ校合格の意義　（　　　　）をより強く持てる,プライド
7,617,第七章　生徒編　生徒の動機付けの源泉　目標を達成した喜びと（　　　　）が得られること。,満足
7,618,第七章　生徒編　生徒の動機付けの源泉　「（　　　　）」と周囲の人々から褒められること。,さすがだ
7,619,第七章　生徒編　生徒の動機付けの源泉　意義のある役割を任され、（　　　　）が与えられること。,実行の権限
7,620,第七章　生徒編　生徒の動機付けの源泉　努力と成果に対して十分な（　　　　）が与えられること。,評価
7,621,第七章　生徒編　生徒の動機付けの源泉　勉強を通じ、（　　　　）成長が可能なこと。,人間的
7,622,第七章　生徒編　生徒の目標達成の原則　生徒自身が立案し、それが（　　　　）目標と認められること。,価値ある
7,623,第七章　生徒編　生徒の目標達成の原則　本人の人生計画に、その目標が（　　　　）、やる気を引き起こすこと。,意義深く
7,624,第七章　生徒編　生徒の目標達成の原則　（　　　　）であること。「目標項目・目標値・達成期限」を明確にすること。,具体的
7,625,第七章　生徒編　生徒の目標達成の原則　「（　　　　）」と思う難しさがあること。,かなりきつい
7,626,第七章　生徒編　生徒の目標達成の原則　（　　　　）の手法と、目標達成に対する評価があること。,自己統制
7,627,第七章　生徒編　内申点アップのコツ　まず、内申点の（　　　　）を決めよう。,目標
7,628,第七章　生徒編　内申点アップのコツ　通知表は3から4が最も（　　　　）であることを知ろう。,簡単
7,629,第七章　生徒編　内申点アップのコツ　定期テスト対策は（　　　　）に余裕を持って始めよう。,早め
7,630,第七章　生徒編　内申点アップのコツ　（　　　　）すべきものは早めに覚えよう。,暗記
7,631,第七章　生徒編　内申点アップのコツ　学校の先生の指導は素直に聞き、しっかり（　　　　）。,守ろう
7,632,第七章　生徒編　内申点アップのコツ　塾の先生の指導を（　　　　）しよう（特に苦手科目）。,活用
7,633,第七章　生徒編　内申点アップのコツ　わからない箇所は（　　　　）せず、塾の先生に質問しよう。,遠慮
7,634,第七章　生徒編　内申点アップのコツ　塾の（　　　　）は進んで受けよう。,補習
7,635,第七章　生徒編　内申点アップのコツ　（　　　　）は期限内に必ず出そう。,提出物
7,636,第七章　生徒編　内申点アップのコツ　試験日、（　　　　）はしっかり覚えておこう。,試験範囲
7,637,第七章　生徒編　偏差値アップのコツ　「偏差値（　　　　）アップ」の目標に本気で取り組もう。,10
7,638,第七章　生徒編　偏差値アップのコツ　一冊の（　　　　）を完璧にマスターしよう。,テキスト
7,639,第七章　生徒編　偏差値アップのコツ　質も大切だが、（　　　　）をこなすことがより大切である。,量
7,640,第七章　生徒編　偏差値アップのコツ　志望校の（　　　　）と自分の実力との差を常に意識しよう。,合格基準
7,641,第七章　生徒編　偏差値アップのコツ　何としても（　　　　）させるという執念を持とう。,アップ
7,642,第七章　生徒編　偏差値アップのコツ　塾の（　　　　）は徹底的にやりきろう。,宿題
7,643,第七章　生徒編　偏差値アップのコツ　良い（　　　　）を見つけ、自分を奮起させよう。,ライバル
7,644,第七章　生徒編　偏差値アップのコツ　間違えた問題は徹底的に（　　　　）し、二度と間違えないようにしよう。,分析
7,645,第七章　生徒編　偏差値アップのコツ　間違いノートを作成し、自分の（　　　　）をしっかりまとめておこう。,弱点
7,646,第七章　生徒編　偏差値アップのコツ　どんな科目でも、努力次第で偏差値は（　　　　）前後まで上がることを確信しよう。,64
7,647,第七章　生徒編　成績上昇と下降の共通項　　[上昇する子供たちの共通項]　（　　　　）な性格,素直
7,648,第七章　生徒編　成績上昇と下降の共通項　[上昇する子供たちの共通項]　（　　　　）（校）が明確,目標
7,649,第七章　生徒編　成績上昇と下降の共通項　　[上昇する子供たちの共通項]　（　　　　）対策が早い,定期テスト
7,650,第七章　生徒編　成績上昇と下降の共通項　　[上昇する子供たちの共通項]　塾を（　　　　）ない、遅刻しない,休ま
7,651,第七章　生徒編　成績上昇と下降の共通項　　[上昇する子供たちの共通項]　（　　　　）を徹底的にマスターする,テキスト
7,652,第七章　生徒編　成績上昇と下降の共通項　　[上昇する子供たちの共通項]　（　　　　）正しい,礼儀
7,653,第七章　生徒編　成績上昇と下降の共通項　　[上昇する子供たちの共通項]　塾が（　　　　）,大好き
7,654,第七章　生徒編　成績上昇と下降の共通項　　[上昇する子供たちの共通項]　（　　　　）が良い（やる気が伝わる）,目付き
7,655,第七章　生徒編　成績上昇と下降の共通項　　[上昇する子供たちの共通項]　（　　　　）をコンスタントにしている,自宅学習
7,656,第七章　生徒編　成績上昇と下降の共通項　　[上昇する子供たちの共通項]　（　　　　）がある,計画性
7,657,第七章　生徒編　成績上昇と下降の共通項　　[下降する子供たちの共通項]　（　　　　）・欠席を繰り返す,遅刻
7,658,第七章　生徒編　成績上昇と下降の共通項　　[下降する子供たちの共通項]　自宅学習が（　　　　）,少なすぎる
7,659,第七章　生徒編　成績上昇と下降の共通項　　[下降する子供たちの共通項]　目標（校）が（　　　　）,全くない
7,660,第七章　生徒編　成績上昇と下降の共通項　　[下降する子供たちの共通項]　（　　　　）族（テレビ・音楽・ゲーム・携帯電話）,ながら
7,661,第七章　生徒編　成績上昇と下降の共通項　　[下降する子供たちの共通項]　学校の先生に（　　　　）,反抗的
7,662,第七章　生徒編　成績上昇と下降の共通項　　[下降する子供たちの共通項]　教室の（　　　　）に座りたがる,後ろ
7,663,第七章　生徒編　成績上昇と下降の共通項　　[下降する子供たちの共通項]　（　　　　）ばかりする,責任転嫁
7,664,第七章　生徒編　成績上昇と下降の共通項　　[下降する子供たちの共通項]　勉強よりも（　　　　）を優先している,部活
7,665,第七章　生徒編　成績上昇と下降の共通項　　[下降する子供たちの共通項]　自宅の勉強部屋が（　　　　）である,乱雑
7,666,第七章　生徒編　成績上昇と下降の共通項　　[下降する子供たちの共通項]　（　　　　）に参加したがらない,塾行事
7,667,第七章　生徒編　ぐんぐん伸びる子の共通項　素直に（　　　　）に従う。,指示通り
7,668,第七章　生徒編　ぐんぐん伸びる子の共通項　（　　　　）をきちんと守れる。,時間
7,669,第七章　生徒編　ぐんぐん伸びる子の共通項　「こんにちは」、「ありがとう」と明るく（　　　　）できる。,挨拶
7,670,第七章　生徒編　ぐんぐん伸びる子の共通項　字や計算を（　　　　）に書いている。,丁寧
7,671,第七章　生徒編　ぐんぐん伸びる子の共通項　（　　　　）以上集中して勉強できる。,30分
7,672,第七章　生徒編　ぐんぐん伸びる子の共通項　（　　　　）を上げたいといつも願っている。,成績
7,673,第七章　生徒編　ぐんぐん伸びる子の共通項　わからないとき、すぐ（　　　　）を引く。,辞書
7,674,第七章　生徒編　ぐんぐん伸びる子の共通項　ペンケース・カバンの中はいつも（　　　　）されている。,整理
7,675,第七章　生徒編　ぐんぐん伸びる子の共通項　いつも明るく、いつも（　　　　）でいる。,プラスイメージ
